Ort,long,lat
München,11.581981,48.135125
Nürnberg,11.07675,49.45203
Regensburg,12.101624,49.01343
Würzburg,9.953355,49.791304
Hof,11.912781,50.313539
Ansbach,10.571936000000001,49.300425
Weiden,12.148934,49.674364
Neu-Ulm,10.00604,48.390604
Augsburg,10.89779,48.370545
Aschaffenburg,9.135555,49.980663
Eichstätt,11.189986,48.891251
Rosenheim,12.1181,47.8571
Ingolstadt,11.4258,48.7665
